,City,Country,Lat,Lng,Max Temp,Humidity,Cloudiness,Wind Speed,Current Description
0,Hermanus,ZA,-34.4187,19.2345,55.9,81,54,5.73,broken clouds
1,Tura,IN,25.5198,90.2201,72.36,93,24,4.63,few clouds
2,San Andres Del Rabanedo,ES,42.6117,-5.6167,60.76,77,0,2.3,clear sky
3,Ikalamavony,MG,-21.15,46.5833,57.2,70,81,3.87,broken clouds
4,Haines Junction,CA,60.7522,-137.5108,51.75,43,98,10.36,overcast clouds
5,Swan Hill,AU,-35.3378,143.5544,43.84,72,0,5.08,clear sky
6,Banyumas,ID,-7.5142,109.2942,74.08,95,97,2.06,overcast clouds
7,Awjilah,LY,29.1081,21.2869,85.42,26,6,7.43,clear sky
8,Dzerzhinsk,RU,56.2389,43.4631,57.02,100,90,16.17,light rain
9,Comodoro Rivadavia,AR,-45.8667,-67.5,46.26,49,0,4.61,clear sky
10,Bluff,NZ,-46.6,168.3333,49.8,88,100,22.82,overcast clouds
11,Norilsk,RU,69.3535,88.2027,26.62,97,87,1.7,overcast clouds
12,Sept-Iles,CA,50.2001,-66.3821,53.6,55,20,6.91,few clouds
13,Mataura,NZ,-46.1927,168.8643,49.48,95,100,3.91,overcast clouds
14,Tete,MZ,-16.1564,33.5867,55.49,62,0,4.61,clear sky
15,Malakal,SS,9.5334,31.6605,84.07,46,3,4.65,clear sky
16,Ushuaia,AR,-54.8,-68.3,28.06,93,75,21.85,light snow
17,Vanimo,PG,-2.6741,141.3028,80.37,87,100,3.13,overcast clouds
18,Turayf,SA,31.6725,38.6637,71.85,43,0,9.22,clear sky
19,Saskylakh,RU,71.9167,114.0833,34.59,89,82,8.7,broken clouds
20,Huimanguillo,MX,17.85,-93.3833,94.77,49,94,10.65,overcast clouds
21,Bozeman,US,45.6796,-111.0386,63.82,32,1,7.0,clear sky
22,Gidam,IN,18.9833,81.4,81.7,59,38,4.16,scattered clouds
23,Susanville,US,40.4163,-120.653,82.81,16,1,5.01,clear sky
24,East London,ZA,-33.0153,27.9116,59.74,81,57,16.24,moderate rain
25,Maracai,BR,-22.6106,-50.6672,74.23,50,76,0.65,broken clouds
26,Baykit,RU,61.67,96.37,37.35,92,99,7.81,overcast clouds
27,Port Elizabeth,ZA,-33.918,25.5701,55.69,94,75,5.75,light rain
28,Clyde River,CA,70.4692,-68.5914,30.43,86,20,2.3,few clouds
29,Dolneni,MK,41.4253,21.4547,56.26,72,75,2.55,broken clouds
30,Finale Emilia,IT,44.8346,11.2939,65.68,73,99,10.18,overcast clouds
31,Norman Wells,CA,65.282,-126.8329,39.24,75,75,11.5,broken clouds
32,Outjo,NA,-20.1167,16.15,56.44,30,2,4.47,clear sky
33,Lake Jackson,US,29.0339,-95.4344,91.22,67,1,1.99,clear sky
34,Punta Arenas,CL,-53.15,-70.9167,35.71,55,40,17.72,scattered clouds
35,Port Alfred,ZA,-33.5906,26.891,57.96,79,86,11.56,light rain
36,Khatanga,RU,71.9667,102.5,42.24,72,93,7.25,overcast clouds
37,Darhan,MN,49.4867,105.9228,42.31,92,100,14.58,light rain
38,Ilulissat,GL,69.2167,-51.1,55.42,26,32,14.97,scattered clouds
39,Tarancon,ES,40.0085,-3.0073,71.89,53,50,5.91,scattered clouds
40,Lensk,RU,60.7253,114.9278,48.11,88,100,9.51,overcast clouds
41,Moron,AR,-34.6534,-58.6198,51.98,43,16,4.23,few clouds
42,Balsas,BR,-7.5325,-46.0356,78.03,46,3,3.76,clear sky
43,Moree,AU,-29.4667,149.85,44.62,76,100,8.05,overcast clouds
44,Albany,US,42.6001,-73.9662,53.37,71,100,3.51,overcast clouds
45,Anadyr,RU,64.75,177.4833,48.7,40,0,3.38,clear sky
46,Port Hedland,AU,-20.3167,118.5667,69.85,60,75,4.61,broken clouds
47,Ushumun,RU,52.7833,126.5333,48.42,86,100,3.78,overcast clouds
48,Svetlogorsk,BY,52.6333,29.7333,51.24,95,100,7.87,overcast clouds
49,Akureyri,IS,65.6835,-18.0878,48.13,66,75,14.97,broken clouds
50,Inuvik,CA,68.3499,-133.7218,34.56,73,90,5.75,overcast clouds
51,New Norfolk,AU,-42.7826,147.0587,46.92,76,29,3.13,scattered clouds
52,Upington,ZA,-28.4478,21.2561,46.78,66,100,4.61,overcast clouds
53,La Sarre,CA,48.8002,-79.1996,57.83,47,0,1.43,clear sky
54,Novo Aripuana,BR,-5.1206,-60.3797,80.17,72,90,1.66,overcast clouds
55,Hobart,AU,-42.8794,147.3294,47.26,78,75,3.0,broken clouds
56,Kodiak,US,57.79,-152.4072,47.71,87,90,9.22,light rain
57,Snasa,NO,64.2457,12.3778,46.85,80,12,2.77,few clouds
58,Kjopsvik,NO,68.097,16.3742,46.17,90,100,2.15,overcast clouds
59,La Roda,ES,39.2167,-2.15,70.0,54,36,8.59,scattered clouds
60,Lages,BR,-27.8161,-50.3261,53.82,98,52,5.08,broken clouds
61,Nanortalik,GL,60.1432,-45.2371,36.59,88,100,5.93,overcast clouds
62,Botelhos,BR,-21.6333,-46.395,62.44,86,93,0.85,overcast clouds
63,Suntar,RU,62.1444,117.6319,62.62,49,27,5.57,scattered clouds
64,Aberdeen,GB,57.1437,-2.0981,57.49,95,8,1.14,clear sky
65,Yichun,CN,47.7,128.9,57.22,68,97,0.6,overcast clouds
66,Lake Charles,US,30.2131,-93.2044,82.38,85,75,3.44,broken clouds
67,Santa Cruz Do Sul,BR,-29.7175,-52.4258,58.98,83,0,4.59,clear sky
68,Kargat,RU,55.1956,80.2811,55.67,53,95,6.42,overcast clouds
69,Nova Venecia,BR,-18.7106,-40.4006,71.96,92,64,2.8,broken clouds
70,Troitskoye,RU,52.9821,84.6757,45.95,76,8,4.07,clear sky
71,Alice Springs,AU,-23.7,133.8833,36.95,75,20,5.21,few clouds
72,Busselton,AU,-33.65,115.3333,53.1,84,98,21.0,light rain
73,Gat,IL,31.61,34.7642,69.82,86,0,0.43,clear sky
74,Lianzhou,CN,24.7811,112.3825,77.68,96,100,0.69,light rain
75,Sao Pedro Da Aldeia,BR,-22.8392,-42.1028,78.78,94,20,0.0,few clouds
76,Oranzherei,RU,45.8476,47.5663,66.16,54,31,5.66,scattered clouds
77,Adrar,MR,20.5022,-10.0711,93.61,12,90,11.14,overcast clouds
78,Udachnyy,RU,66.4167,112.4,55.18,58,5,10.56,clear sky
79,Santa Maria Del Oro,MX,25.9333,-105.3667,93.38,11,57,9.17,broken clouds
80,Minab,IR,27.1467,57.0801,85.5,35,0,2.8,clear sky
81,Gamboma,CG,-1.8764,15.8644,77.52,67,75,1.61,broken clouds
82,Namtsy,RU,62.7161,129.6658,59.11,62,86,2.59,overcast clouds
83,Thompson,CA,55.7435,-97.8558,53.76,76,90,16.11,overcast clouds
84,Tynset,NO,62.2759,10.7824,40.62,58,2,5.7,clear sky
85,Tavistock,GB,50.5494,-4.1442,58.12,80,83,4.34,broken clouds
86,Khandyga,RU,62.6667,135.6,56.37,77,100,12.15,light rain
87,Claveria,PH,18.6074,121.0832,82.94,77,99,1.45,overcast clouds
88,Umm Lajj,SA,25.0213,37.2685,82.9,68,100,11.95,overcast clouds
89,Terekli-Mekteb,RU,44.1671,45.8698,73.6,66,94,9.8,overcast clouds
90,Chunskiy,RU,56.0815,99.6342,35.04,72,88,6.93,overcast clouds
91,Spring Hill,US,28.4769,-82.5255,89.11,60,1,1.99,clear sky
92,Itaituba,BR,-4.2761,-55.9836,76.86,86,80,1.59,broken clouds
93,Port Said,EG,31.2565,32.2841,73.38,83,0,8.05,clear sky
94,Kruisfontein,ZA,-34.0033,24.7314,52.88,91,43,9.15,light rain
95,Puerto Leguizamo,CO,-0.1934,-74.7819,75.69,92,22,2.48,few clouds
96,Qaanaaq,GL,77.484,-69.3632,29.59,94,60,6.4,broken clouds
97,Bulawayo,ZW,-20.15,28.5833,54.77,31,0,2.64,clear sky
98,Jiangyou,CN,31.7667,104.7167,69.8,79,100,0.27,overcast clouds
99,Cienaga,CO,11.007,-74.2476,82.54,79,100,5.5,overcast clouds
100,Komsomolskiy,UZ,40.4272,71.7189,75.92,31,60,2.3,broken clouds
101,Aklavik,CA,68.2191,-135.0107,34.52,64,90,6.91,overcast clouds
102,Benito Juarez,MX,19.385,-99.165,82.22,20,75,13.0,broken clouds
103,Mareeba,AU,-17.0,145.4333,67.44,82,45,4.41,scattered clouds
104,Faya,SA,18.3851,42.4509,66.72,39,99,1.05,overcast clouds
105,Saint-Augustin,CA,51.226,-58.6502,53.49,47,83,11.39,broken clouds
106,Dogondoutchi,NE,13.6393,4.0287,92.39,12,100,3.02,overcast clouds
107,Whitefish,US,48.4111,-114.3376,67.89,40,1,5.84,clear sky
108,Tiznit,MA,29.5833,-9.5,81.3,30,100,2.04,overcast clouds
109,Gayeri,BF,12.6497,0.4931,94.32,15,49,7.11,scattered clouds
110,Renfrew,GB,55.872,-4.3925,57.52,86,15,3.44,few clouds
111,Vaini,TO,-21.2,-175.2,77.16,88,75,2.3,light rain
112,Kousseri,CM,12.0769,15.0306,89.56,20,0,4.61,clear sky
113,Champa,IN,22.05,82.65,86.7,43,93,4.27,overcast clouds
114,Lundazi,ZM,-12.2929,33.1782,54.72,67,0,5.28,clear sky
115,Dickinson,US,29.4608,-95.0513,91.2,59,20,5.99,few clouds
116,Meadow Lake,US,34.8014,-106.5436,90.37,8,78,15.66,broken clouds
117,Carnarvon,AU,-24.8667,113.6333,57.27,94,3,5.75,clear sky
118,Santa Helena De Goias,BR,-17.8136,-50.5969,77.58,47,49,6.11,scattered clouds
119,Chapais,CA,49.7834,-74.8492,56.98,30,1,5.61,clear sky
120,Ciudad Bolivar,VE,8.1222,-63.5497,83.21,64,76,11.34,broken clouds
121,Ayorou,NE,14.7308,0.9174,91.44,12,3,6.24,clear sky
122,Mapiripan,CO,2.8892,-72.1256,75.94,93,100,4.18,overcast clouds
123,Tilichiki,RU,60.4667,166.1,43.09,72,100,5.41,overcast clouds
124,Nabire,ID,-3.3667,135.4833,78.96,89,100,3.0,overcast clouds
125,Saint-Martin-De-Crau,FR,43.6395,4.8127,73.18,40,0,19.13,clear sky
126,Kvarkeno,RU,52.0833,59.725,65.07,64,78,9.1,broken clouds
127,Erding,DE,48.306,11.9069,49.91,84,0,4.29,clear sky
128,Erzin,TR,36.9559,36.2,69.01,90,28,0.45,scattered clouds
129,Iqaluit,CA,63.7506,-68.5145,29.93,74,75,14.97,broken clouds
130,Biggar,GB,55.6167,-3.5167,55.29,95,33,1.03,scattered clouds
131,Kingsville,US,27.5159,-97.8561,84.45,73,20,5.01,few clouds
132,Lakes Entrance,AU,-37.8811,147.981,47.08,65,19,2.68,few clouds
133,Nelidovo,RU,56.2211,32.7774,44.76,72,49,8.57,scattered clouds
134,Fort Dodge,US,42.4975,-94.168,63.43,39,1,8.05,clear sky
135,Rikitea,PF,-23.1203,-134.9692,76.86,86,96,20.89,light rain
136,Samfya,ZM,-11.3649,29.5565,55.69,56,3,5.91,clear sky
137,Lashio,MM,22.9333,97.75,70.88,81,79,0.96,broken clouds
138,Sao Fidelis,BR,-21.6461,-41.7469,76.32,78,19,2.04,few clouds
139,Partizanske,SK,48.6286,18.3846,50.97,88,44,4.74,scattered clouds
140,Hay River,CA,60.8156,-115.7999,57.18,44,75,4.61,broken clouds
141,Dingzhou,CN,38.5131,114.9956,60.91,41,100,6.2,overcast clouds
142,Kudirkos Naumiestis,LT,54.7731,22.8631,43.39,93,33,6.93,scattered clouds
143,Baruun-Urt,MN,46.6806,113.2792,48.85,65,40,11.12,scattered clouds
144,Arlit,NE,18.7369,7.3853,93.36,7,20,9.24,few clouds
145,Dasoguz,TM,41.8363,59.9666,76.95,50,0,12.15,clear sky
146,Anjiang,CN,27.3194,110.1031,66.45,96,87,0.81,overcast clouds
147,Zhigansk,RU,66.7697,123.3711,54.23,39,1,9.28,clear sky
148,General Roca,AR,-39.0333,-67.5833,50.4,48,57,12.28,broken clouds
149,Amlagora,IN,22.8333,87.3333,81.7,89,21,8.9,few clouds
150,Matay,EG,28.419,30.7792,77.59,35,60,8.43,broken clouds
151,Tsaratanana,MG,-16.7833,47.65,69.57,77,26,4.79,scattered clouds
152,Gainesville,US,29.6516,-82.3248,87.82,54,20,1.99,few clouds
153,Coari,BR,-4.085,-63.1414,76.42,92,98,0.81,light rain
154,Jambi,ID,-1.6,103.6167,73.02,98,100,3.0,overcast clouds
155,Shiyan,CN,32.6475,110.7781,71.44,78,63,3.27,broken clouds
156,Poykovskiy,RU,61.2333,73.3333,55.69,76,20,12.19,few clouds
157,Muscatine,US,41.4667,-91.1335,65.66,32,1,1.01,clear sky
158,Mirador,BR,-6.3708,-44.3631,76.32,59,10,1.03,clear sky
159,Egvekinot,RU,66.3167,-179.1667,40.69,46,65,3.96,broken clouds
160,Benton Harbor,US,42.1167,-86.4542,65.55,48,1,6.91,clear sky
161,Kutum,SD,14.2,24.6667,80.28,12,26,15.26,scattered clouds
162,Dawlatabad,AF,36.4141,64.9053,81.93,20,0,2.57,clear sky
163,Yumen,CN,40.2833,97.2,67.21,31,5,7.09,clear sky
164,Shubarkuduk,KZ,49.1447,56.4872,68.25,56,0,8.25,clear sky
165,Kalabo,ZM,-14.97,22.6814,54.91,34,0,2.73,clear sky
166,Llandrindod Wells,GB,52.2416,-3.3787,54.95,92,30,2.8,scattered clouds
167,Coihaique,CL,-45.5752,-72.0662,41.61,75,75,4.61,broken clouds
168,Chatham,GB,51.3789,0.5279,54.18,86,0,1.01,clear sky
169,El Real De Santa Maria,PA,8.109,-77.7325,75.02,98,99,1.48,overcast clouds
170,Atherton,GB,53.5237,-2.4935,59.59,86,9,4.16,clear sky
171,Troy,US,42.6056,-83.1499,63.55,42,1,1.99,clear sky
172,Napa,US,38.4832,-122.3344,87.78,39,2,9.26,clear sky
173,Mwinilunga,ZM,-11.7358,24.4293,52.11,49,26,2.98,scattered clouds
174,Indian Head,US,38.6001,-77.1622,53.89,86,75,5.01,broken clouds
175,Turan,VN,16.0678,108.2208,82.45,78,20,1.14,few clouds
176,Kiunga,PG,-6.1219,141.2906,73.8,94,100,2.3,overcast clouds
177,Bismarck,US,46.8083,-100.7837,71.87,64,90,3.0,overcast clouds
178,Esperance,AU,-33.8667,121.9,60.64,86,89,12.8,light rain
179,Chokurdakh,RU,70.6333,147.9167,58.1,34,6,13.94,clear sky
180,Bredasdorp,ZA,-34.5322,20.0403,54.72,88,49,2.82,scattered clouds
181,Lafiagi,NG,8.8667,5.4167,79.88,73,76,6.38,broken clouds
182,Springfield,US,37.2153,-93.2982,60.66,71,75,5.01,broken clouds
183,Humaita,BR,-7.5061,-63.0208,81.09,67,98,1.48,overcast clouds
184,Provideniya,RU,64.3833,-173.3,46.45,44,3,8.21,clear sky
185,Madinat Sittah Uktubar,EG,29.8167,31.05,75.56,48,0,9.19,clear sky
186,Taoudenni,ML,22.6783,-3.9836,100.06,7,41,9.04,scattered clouds
187,Nizhniy Odes,RU,63.6445,54.856,38.28,96,100,5.61,overcast clouds
188,Blagoyevo,RU,63.3667,47.9167,34.29,76,27,9.78,scattered clouds
189,Nenjiang,CN,49.1833,125.2167,55.36,71,45,5.86,scattered clouds
190,Aluksne,LV,57.4167,27.05,38.08,77,2,5.55,clear sky
191,Yabrud,SY,33.9674,36.6574,55.06,55,0,3.29,clear sky
192,Alpena,US,45.0617,-83.4327,62.92,29,1,1.99,clear sky
193,Bolobo,CD,-2.1667,16.2333,76.08,72,75,1.12,broken clouds
194,Oparino,RU,59.8518,48.2783,40.41,86,100,9.91,light rain
195,Qostanay,KZ,53.1667,63.5833,61.59,36,16,8.48,few clouds
196,Novonukutskiy,RU,53.7002,102.7117,39.49,80,100,11.27,overcast clouds
197,Yulara,AU,-25.2406,130.9889,44.44,70,99,5.75,overcast clouds
198,Xingyi,CN,24.1877,102.817,63.19,91,100,1.39,overcast clouds
199,Semey,KZ,50.4111,80.2275,52.81,51,1,8.16,clear sky
200,Puerto Del Rosario,ES,28.5004,-13.8627,69.55,68,100,13.8,overcast clouds
201,Assenede,BE,51.226,3.7509,56.05,80,5,7.96,clear sky
202,Taksimo,RU,56.3444,114.8794,39.49,97,100,5.57,moderate rain
203,San Vicente,AR,-26.6167,-54.1333,56.91,92,56,4.16,broken clouds
204,Katherine,AU,-14.4667,132.2667,61.12,77,36,11.16,scattered clouds
205,Charagua,BO,-19.8,-63.2167,71.17,71,100,9.28,overcast clouds
206,Chino Valley,US,34.7575,-112.4538,88.61,9,1,5.01,clear sky
207,Hanzhong,CN,33.0728,107.0303,68.31,81,61,1.25,broken clouds
208,Goksun,TR,38.021,36.4973,54.55,74,2,4.41,clear sky
209,Tengzhou,CN,35.0771,117.1518,71.71,51,0,8.16,clear sky
210,Garissa,KE,-0.4536,39.6401,75.15,80,55,15.17,broken clouds
211,Vanavara,RU,60.34,102.2797,36.39,81,63,6.4,broken clouds
212,Tiksi,RU,71.6872,128.8694,33.06,93,81,10.74,broken clouds
213,Boa Vista,BR,2.8197,-60.6733,80.58,78,90,11.5,moderate rain
214,Jos,NG,9.9167,8.9,70.43,67,98,6.6,overcast clouds
215,Aswan,EG,24.0934,32.907,88.52,23,99,17.0,overcast clouds
216,Jiaozuo,CN,35.2397,113.2331,73.65,33,1,3.6,clear sky
217,Changtu,CN,42.7788,124.0955,62.06,52,89,12.5,overcast clouds
218,Sokolo,ML,14.7328,-6.1219,97.12,26,82,1.41,broken clouds
219,Mecca,SA,21.4267,39.8261,88.92,43,39,6.06,scattered clouds
220,Vilhena,BR,-12.7406,-60.1458,77.22,69,0,6.91,clear sky
221,Ryazanskaya,RU,44.9553,39.5889,64.06,82,93,15.01,light rain
222,Terrace,CA,54.5163,-128.6035,64.42,34,75,14.97,broken clouds
223,Sault Sainte Marie,CA,46.5168,-84.3333,64.69,22,1,10.36,clear sky
224,Gandajika,CD,-6.75,23.95,67.75,50,19,4.29,few clouds
225,Korla,CN,41.7597,86.1469,71.58,40,85,18.1,overcast clouds
226,Epinal,FR,48.1833,6.45,53.28,75,0,4.7,clear sky
227,Vyselki,RU,45.5794,39.6597,59.11,94,94,9.51,light rain
228,Isiro,CD,2.7739,27.616,66.79,99,87,2.91,light rain
229,Oeiras Do Para,BR,-2.0031,-49.8544,79.99,76,51,2.37,broken clouds
230,Baker City,US,44.7749,-117.8344,72.16,19,1,5.75,clear sky
231,Monticello,US,45.3055,-93.7941,66.74,37,1,8.55,clear sky
232,Aykhal,RU,66.0,111.5,54.81,55,26,6.78,scattered clouds
233,Yellowknife,CA,62.456,-114.3525,54.32,34,75,1.99,broken clouds
234,Saint-Philippe,RE,-21.3585,55.7679,69.35,81,15,5.14,few clouds
235,Toora-Khem,RU,52.4675,96.11,35.4,79,85,2.71,overcast clouds
236,Tiko,CM,4.0745,9.3699,80.44,88,74,3.27,broken clouds
237,Wojkowice,PL,50.3651,19.0365,49.51,96,75,1.01,light rain
238,Altamira,BR,-3.2033,-52.2064,80.04,70,74,1.21,broken clouds
239,Kyzyl-Suu,KG,42.3414,78.0056,55.49,57,14,4.27,few clouds
240,Rock Springs,US,41.5875,-109.2029,71.04,21,1,12.3,clear sky
241,Pasni,PK,25.2631,63.471,84.47,78,11,13.31,few clouds
242,San Antonio,US,29.4241,-98.4936,87.85,55,1,6.91,clear sky
243,Tessalit,ML,20.1986,1.0114,94.39,7,100,7.25,overcast clouds
244,Gao,ML,16.6362,1.637,90.97,6,19,10.16,few clouds
245,Beyneu,KZ,45.3167,55.2,79.68,40,67,8.08,broken clouds
246,Irtyshskiy,RU,58.3333,68.1333,58.78,71,57,8.95,broken clouds
247,Gorom-Gorom,BF,14.4439,-0.2361,92.59,16,9,6.02,clear sky
248,Alagoinhas,BR,-12.1356,-38.4192,68.77,86,93,4.38,overcast clouds
249,Talpa,MX,28.8257,-111.6257,103.98,35,29,10.0,scattered clouds
250,Umm Kaddadah,SD,13.6017,26.6876,89.51,12,22,16.75,few clouds
251,Agnibilekrou,CI,7.1344,-3.2047,75.29,91,55,4.54,broken clouds
252,Nsanje,MW,-16.92,35.262,63.09,48,0,1.9,clear sky
253,Tucuman,AR,-26.8241,-65.2226,60.8,51,75,2.71,broken clouds
254,Genhe,CN,50.7833,121.5167,50.09,77,90,1.86,overcast clouds
255,Graaff-Reinet,ZA,-32.2522,24.5308,49.93,68,22,3.94,few clouds
256,Peleduy,RU,59.6289,112.7406,42.4,80,100,6.89,overcast clouds
257,Birjand,IR,32.8663,59.2211,66.67,20,0,4.61,clear sky
258,Vitim,RU,59.4511,112.5578,43.3,75,100,7.14,overcast clouds
259,Langpas,PH,5.975,120.949,79.54,77,99,2.51,overcast clouds
260,Yuanping,CN,38.7153,112.7575,60.53,54,55,1.57,broken clouds
261,Colesberg,ZA,-30.72,25.0972,43.41,58,62,4.07,broken clouds
262,Kokuy,RU,52.2037,117.5529,53.15,84,100,3.74,overcast clouds
263,Cape Town,ZA,-33.9258,18.4232,56.12,91,20,3.29,few clouds
264,Elat,IL,29.5581,34.9482,82.24,23,0,11.5,clear sky
265,Talnakh,RU,69.4865,88.3972,26.15,98,89,2.28,overcast clouds
266,Flin Flon,CA,54.7682,-101.865,49.84,76,90,14.7,overcast clouds
267,Mandalgovi,MN,45.7625,106.2708,47.64,54,40,15.39,scattered clouds
268,Mancio Lima,BR,-7.6142,-72.8958,86.07,79,20,0.76,few clouds
269,Atar,MR,20.5169,-13.0499,91.76,22,61,17.0,broken clouds
270,Manicore,BR,-5.8092,-61.3003,81.68,66,91,1.97,overcast clouds
271,Kyabe,TD,9.4515,18.9449,88.54,32,76,4.32,broken clouds
272,Mayo,US,38.8876,-76.5119,53.71,93,90,13.0,light rain
273,Inirida,CO,3.8653,-67.9239,76.05,96,80,2.21,broken clouds
274,Qandala,SO,11.472,49.8728,87.22,61,20,2.62,few clouds
275,Tucupita,VE,9.0622,-62.051,74.5,98,34,3.4,scattered clouds
276,Tongzi,CN,28.7829,105.0877,68.43,94,100,1.86,overcast clouds
277,Clinton,US,42.587,-82.9199,64.72,43,20,4.0,few clouds
278,Archidona,ES,37.0965,-4.3887,69.94,75,92,4.9,overcast clouds
279,Harnosand,SE,62.6323,17.9379,50.0,73,6,5.99,clear sky
280,Zhezkazgan,KZ,47.8043,67.7144,69.89,49,60,5.23,broken clouds
281,Jermuk,AM,39.8417,45.6723,50.88,49,8,4.05,clear sky
282,Longyearbyen,SJ,78.2186,15.6401,33.64,69,75,6.91,broken clouds
283,Sassandra,CI,4.95,-6.0833,79.9,87,96,6.44,overcast clouds
284,Teguldet,RU,57.3064,88.1667,35.85,61,28,2.71,scattered clouds
285,Tasiilaq,GL,65.6145,-37.6368,37.56,90,100,13.76,overcast clouds
286,Moncada,ES,39.5456,-0.3955,71.49,56,0,1.99,clear sky
287,Puksoozero,RU,62.5903,40.6066,29.44,89,4,4.94,clear sky
288,Khandbari,NP,27.3747,87.2039,69.8,88,65,2.13,broken clouds
289,Suure-Jaani,EE,58.5361,25.4706,40.93,70,4,4.85,clear sky
290,Pokrovsk,UA,48.282,37.1758,58.64,95,47,5.95,scattered clouds
291,Jimenez,MX,28.3333,-105.4,93.94,4,20,11.56,few clouds
292,Juxtlahuaca,MX,17.4294,-99.1467,84.6,52,78,9.22,broken clouds
293,Nagercoil,IN,8.1667,77.4333,80.19,84,89,15.57,overcast clouds
294,Thunder Bay,CA,48.4001,-89.3168,67.98,25,75,14.97,broken clouds
295,Chapleau,CA,47.8405,-83.4034,64.49,17,1,4.61,clear sky
296,Consolacion Del Sur,CU,22.5047,-83.5136,78.64,72,97,4.0,overcast clouds
297,Oum Hadjer,TD,13.2954,19.6966,90.45,12,39,6.58,scattered clouds
298,Khash,IR,28.2211,61.2158,75.24,15,0,1.03,clear sky
299,Koubia,GN,11.5833,-11.9,74.75,71,83,3.65,broken clouds
300,Alyangula,AU,-13.8483,136.4192,71.47,88,40,13.56,scattered clouds
301,Baudh,IN,20.8416,84.3213,81.81,64,38,3.94,scattered clouds
302,Owensboro,US,37.7742,-87.1133,58.17,72,90,8.05,overcast clouds
303,Dubbo,AU,-32.25,148.6167,39.33,81,0,11.5,clear sky
304,Japura,ID,-0.3167,102.35,74.07,91,95,0.89,overcast clouds
305,Yurga,RU,55.7231,84.8861,42.66,75,21,2.89,few clouds
306,Bojnurd,IR,37.4747,57.329,66.15,27,0,0.0,clear sky
307,Charters Towers,AU,-20.1,146.2667,64.56,72,0,13.71,clear sky
308,Kajaani,FI,64.2273,27.7285,30.25,86,0,1.14,clear sky
309,Hammond,US,41.5834,-87.5,63.57,42,1,8.01,clear sky
310,Tonj,SS,7.2737,28.6822,75.16,72,8,5.64,clear sky
311,Urumqi,CN,43.801,87.6005,68.95,40,0,3.6,clear sky
312,Kuito,AO,-12.3833,16.9333,53.35,39,4,0.65,clear sky
313,Lumeje,AO,-11.55,20.7833,55.36,41,7,4.21,clear sky
314,Dois Irmaos,BR,-29.5803,-51.0853,61.43,89,0,3.74,clear sky
315,Capao Bonito,BR,-24.0058,-48.3494,69.53,65,34,1.59,scattered clouds
316,Matiri,TZ,-10.75,34.9,53.38,69,0,2.82,clear sky
317,Tangua,BR,-22.7303,-42.7142,79.59,88,71,5.21,broken clouds
318,Shaping,CN,22.7545,112.9565,82.89,86,95,6.91,overcast clouds
319,Do Gonbadan,IR,30.3586,50.7981,77.09,18,0,0.0,clear sky
320,Shush,IR,32.1942,48.2436,92.89,9,0,8.59,clear sky
321,Uyuni,BO,-20.4597,-66.825,40.77,31,86,4.29,overcast clouds
322,Unteni,RO,47.8,26.7833,57.42,95,99,6.46,overcast clouds
323,Pecos,US,31.4229,-103.4932,91.49,31,1,21.85,clear sky
324,Tengushevo,RU,54.7686,42.7189,57.38,97,95,12.21,overcast clouds
325,Mount Isa,AU,-20.7333,139.5,55.17,41,0,1.14,clear sky
326,Mwense,ZM,-10.3845,28.698,56.75,46,9,2.77,clear sky
327,Damavand,IR,35.7178,52.065,69.64,29,5,1.7,clear sky
328,Kapoeta,SS,4.7717,33.5903,80.46,46,38,10.63,scattered clouds
329,Hollister,US,36.8525,-121.4016,78.75,58,1,3.0,clear sky
330,Ikwiriri,TZ,-7.9562,38.9716,66.96,97,27,1.81,scattered clouds
331,Yantal,RU,56.8471,105.2542,37.85,74,100,4.72,overcast clouds
332,Lamar,US,33.6668,-95.5836,78.96,59,20,5.59,few clouds
333,Yarqa,JO,31.9785,35.6947,69.85,59,0,1.81,clear sky
334,Skeldon,GY,5.8833,-57.1333,76.14,92,89,6.2,overcast clouds
335,Mandera,KE,3.9366,41.867,80.78,58,78,11.21,broken clouds
336,Mingshui,CN,36.7167,117.5,68.27,50,8,2.98,clear sky
337,Buraydah,SA,26.326,43.975,90.05,12,22,4.05,few clouds
338,Vakhrushev,RU,48.9833,142.9667,38.53,98,100,19.33,overcast clouds
339,Erdenet,MN,49.0333,104.0833,35.58,99,100,3.74,overcast clouds
340,Bileca,BA,42.8719,18.4297,60.69,78,97,5.08,overcast clouds
341,Suruc,TR,36.9761,38.425,70.0,68,0,6.89,clear sky
342,Tandil,AR,-37.3217,-59.1332,43.11,57,3,1.99,clear sky
343,Nalut,LY,30.3333,10.85,87.15,17,81,7.18,broken clouds
344,Batagay-Alyta,RU,67.8006,130.4114,44.8,56,20,19.42,few clouds
345,Marrakesh,MA,31.6315,-8.0083,78.87,50,40,2.3,scattered clouds
346,Geraldton,AU,-28.7667,114.6,63.01,67,62,13.67,broken clouds
347,Trinidad,BO,-14.8333,-64.9,85.98,70,40,3.44,scattered clouds
348,Mercedes,AR,-34.6515,-59.4307,49.01,66,18,4.92,few clouds
349,Pemberton,CA,50.3164,-122.8027,78.49,37,21,4.34,few clouds
350,Bossangoa,CF,6.4926,17.4552,73.09,83,100,5.26,overcast clouds
351,Leningradskiy,RU,69.3833,178.4167,35.98,95,57,6.44,broken clouds
352,Shellbrook,CA,53.2168,-106.4011,67.23,34,14,15.99,few clouds
353,Nedjo,ET,9.5046,35.5019,59.97,71,9,1.63,clear sky
354,Nyagan,RU,62.1406,65.3936,56.55,96,100,6.64,light rain
355,Villa Carlos Paz,AR,-31.4241,-64.4978,54.39,41,1,1.99,clear sky
356,Smidovich,RU,48.6,133.8167,55.67,70,100,14.27,overcast clouds
357,Mus,TR,39.0,41.75,50.74,62,0,1.52,clear sky
358,Hami,CN,42.8,93.45,78.75,17,93,12.33,overcast clouds
359,Solnechnyy,RU,50.7214,136.6319,48.58,78,100,1.63,overcast clouds
360,Bilma,NE,18.6853,12.9164,90.28,8,40,6.2,scattered clouds
361,Berlin,DE,52.5244,13.4105,54.9,56,0,1.99,clear sky
362,Panorama,GR,40.5878,23.0315,65.68,55,38,1.01,scattered clouds
363,Habiganj,BD,24.3833,91.4167,77.49,89,11,5.01,few clouds
364,Verkhoyansk,RU,67.5447,133.385,52.29,46,80,11.27,broken clouds
365,Ixtlan Del Rio,MX,21.0333,-104.3667,95.67,15,100,9.48,overcast clouds
366,Chiriguana,CO,9.3624,-73.6031,77.09,93,100,3.0,overcast clouds
367,Deniliquin,AU,-35.5333,144.9667,39.99,57,0,4.85,clear sky
368,Ouargaye,BF,11.5033,0.0572,94.98,29,38,5.12,scattered clouds
369,Laurentides,CA,46.4334,-74.9826,60.51,44,0,3.98,clear sky
370,Mama,RU,58.3106,112.8986,41.47,99,100,3.24,light rain
371,Dutlwe,BW,-23.9833,23.9,53.64,32,1,8.86,clear sky
372,Tres Passos,BR,-27.4556,-53.9319,56.1,90,47,4.5,scattered clouds
373,Aranos,NA,-24.1333,19.1167,56.14,39,4,9.78,clear sky
374,Inta,RU,66.0317,60.1659,39.25,65,100,5.01,overcast clouds
375,Keetmanshoop,NA,-26.5833,18.1333,56.32,41,56,3.44,broken clouds
376,Khonsa,IN,27.0167,95.5667,65.84,98,47,2.91,scattered clouds
377,Tarko-Sale,RU,64.9225,77.785,48.04,62,98,24.81,light rain
378,Nove Straseci,CZ,50.1527,13.9004,48.63,93,55,5.35,broken clouds
379,Ilmajoki,FI,62.7333,22.5667,40.33,67,0,1.54,clear sky
380,Ust-Nera,RU,64.5667,143.2,42.06,95,100,4.09,overcast clouds
381,Rehoboth,NA,-23.3167,17.0833,56.98,33,21,0.83,few clouds
382,Pozo Colorado,PY,-23.4923,-58.7972,70.93,72,100,12.64,overcast clouds
383,Tuxpan,MX,19.55,-103.4,87.78,23,38,10.38,scattered clouds
384,Porto De Moz,BR,-1.7483,-52.2383,79.38,78,99,2.55,overcast clouds
385,Pallapatti,IN,11.6593,78.1342,77.29,80,75,2.21,broken clouds
386,Deltona,US,28.9005,-81.2637,90.12,75,75,2.15,moderate rain
387,Sharan,RU,54.8167,54.0,60.06,83,71,5.39,light rain
388,Bandipur,NP,27.9333,84.4167,67.41,81,88,1.74,overcast clouds
389,Matagami,CA,49.7502,-77.6328,59.11,21,1,3.02,clear sky
390,Chunoyar,RU,57.4467,97.3217,35.28,76,100,7.67,overcast clouds
391,Tahta,EG,26.7693,31.5021,86.32,25,33,7.02,scattered clouds
392,Catacocha,EC,-4.0667,-79.6333,57.92,95,64,3.89,light rain
393,Kendari,ID,-3.945,122.4989,75.67,92,41,2.95,scattered clouds
394,Marawi,PH,7.9986,124.2928,69.66,92,100,0.6,overcast clouds
395,Kirksville,US,40.1948,-92.5833,64.35,46,1,1.01,clear sky
396,Serenje,ZM,-13.2325,30.2352,51.31,49,0,3.13,clear sky
397,Padang,ID,-0.9492,100.3543,76.93,77,100,4.18,overcast clouds
398,Barrow,US,71.2906,-156.7887,28.42,86,90,11.5,overcast clouds
399,Narsaq,GL,60.9167,-46.05,43.02,86,100,4.59,overcast clouds
400,Northam,GB,51.0333,-4.2167,58.6,77,28,5.86,scattered clouds
401,Suhbaatar,MN,50.2314,106.2078,43.05,84,100,10.63,light rain
402,Seymchan,RU,62.8833,152.4333,50.18,48,12,10.63,few clouds
403,Chato,TZ,-2.6378,31.7669,72.05,67,99,3.76,overcast clouds
404,Shihezi,CN,44.3,86.0333,71.28,37,100,9.13,overcast clouds
405,Oda,JP,35.1833,132.5,59.77,57,4,2.89,clear sky
406,Arti,RU,56.4234,58.5328,58.14,60,69,3.33,broken clouds
407,Campo Largo,BR,-25.4586,-49.5283,71.22,91,3,2.08,clear sky
408,Hailar,CN,49.2,119.7,57.7,47,100,0.58,overcast clouds
409,Orsha,BY,54.5153,30.4053,52.02,90,86,10.18,overcast clouds
410,Brandon,US,27.9378,-82.2859,89.62,61,1,3.0,clear sky
411,Hobyo,SO,5.3505,48.5268,78.42,83,85,20.49,overcast clouds
412,Wawa,NG,9.9022,4.4192,85.05,54,20,6.82,few clouds
413,Bryan,US,30.6744,-96.37,87.98,53,75,3.44,broken clouds
414,Birigui,BR,-21.2886,-50.34,76.39,38,90,5.7,overcast clouds
415,Ichhawar,IN,23.0167,77.0167,88.45,41,90,11.54,overcast clouds
416,Hermiston,US,45.8404,-119.2895,81.25,22,1,10.36,clear sky
417,Gari,RU,59.4307,62.3497,58.06,91,100,5.55,light rain
418,Melfi,IT,40.9965,15.6514,63.3,53,100,2.08,overcast clouds
419,Qasigiannguit,GL,68.8193,-51.1922,55.65,42,49,13.4,scattered clouds
420,Karmaskaly,RU,54.3709,56.1837,64.31,52,43,4.7,scattered clouds
421,Soubre,CI,5.7856,-6.6083,75.61,93,72,2.77,broken clouds
422,Calbuco,CL,-41.768,-73.1273,47.41,83,100,6.35,overcast clouds
423,Bafq,IR,31.6128,55.4107,81.57,10,0,1.01,clear sky
424,Bakel,SN,14.905,-12.4568,95.22,18,0,4.5,clear sky
425,Hovd,MN,48.0056,91.6419,45.37,55,51,7.07,broken clouds
426,Senanga,ZM,-16.1167,23.2667,54.66,34,0,4.03,clear sky
427,Thurso,GB,58.5927,-3.5259,44.55,88,98,2.55,overcast clouds
428,Altamont,US,42.2068,-121.7372,80.4,15,1,8.99,clear sky
429,Seoul,KR,37.5683,126.9778,56.59,91,0,3.22,clear sky
430,Qujing,CN,25.4833,103.7833,61.16,81,82,7.07,broken clouds
431,Ocean City,US,39.2776,-74.5746,52.05,85,100,15.99,moderate rain
432,Kurumkan,RU,54.3,110.3,43.75,64,16,4.09,few clouds
433,Skaerbaek,DK,55.1573,8.769,49.05,92,13,4.68,few clouds
434,Amvrosiyivka,UA,47.7935,38.4777,61.02,95,100,6.76,overcast clouds
435,Santa Isabel Do Rio Negro,BR,-0.4139,-65.0192,75.43,97,96,2.91,overcast clouds
436,Matiguas,NI,12.8373,-85.4622,92.14,35,9,9.1,clear sky
437,Zalantun,CN,48.0,122.7167,55.9,70,100,2.8,overcast clouds
438,Saurimo,AO,-9.6608,20.3916,60.64,40,100,5.23,overcast clouds
439,Licheng,CN,23.2955,113.8284,78.73,87,100,2.91,overcast clouds
440,Gazojak,TM,41.1875,61.4036,86.7,18,0,10.29,clear sky
441,Uspenka,UA,48.3903,39.1619,62.65,95,98,8.86,moderate rain
442,Khalkhal,IR,37.6189,48.5258,59.97,27,0,5.88,clear sky
443,Flinders,AU,-34.5833,150.8552,55.18,68,95,8.99,overcast clouds
444,La Ronge,CA,55.1001,-105.2842,43.05,81,90,12.66,overcast clouds
445,Podgornoye,RU,51.735,39.1496,59.22,94,96,3.51,overcast clouds
446,Laureles,US,26.1092,-97.4941,84.24,79,1,3.0,clear sky
447,Ojinaga,MX,29.5667,-104.4167,100.58,24,1,8.05,clear sky
448,Payakumbuh,ID,-0.2202,100.6308,69.49,82,99,3.02,overcast clouds
449,Zelenogorskiy,RU,55.0333,87.0,41.52,86,9,3.2,clear sky
450,Abnub,EG,27.2696,31.1511,84.42,25,74,7.07,broken clouds
451,Yar-Sale,RU,66.8333,70.8333,42.31,74,49,6.71,scattered clouds
452,Tevriz,RU,57.509,72.4042,55.18,83,30,6.04,scattered clouds
453,Lasa,IT,46.6166,10.7002,56.28,91,10,5.66,clear sky
454,Presidencia Roque Saenz Pena,AR,-26.7852,-60.4388,63.91,45,36,5.84,scattered clouds
455,Ulaangom,MN,49.9811,92.0667,47.95,41,65,2.08,broken clouds
456,Priekule,LV,56.4468,21.5897,45.79,76,3,7.61,clear sky
457,Tazovskiy,RU,67.4667,78.7,38.44,81,99,20.11,moderate rain
458,Puqi,CN,29.7167,113.8833,69.67,86,56,1.61,broken clouds
459,Dubti,ET,11.7361,41.0853,92.37,19,7,6.31,clear sky
460,Rudbar,AF,30.15,62.6,84.58,19,0,7.72,clear sky
461,Riverton,US,40.5219,-111.9391,82.9,21,1,7.0,clear sky
462,Aksha,RU,50.2814,113.2867,47.17,44,41,12.33,scattered clouds
463,Chernyshevskiy,RU,63.0128,112.4714,54.7,74,61,6.26,broken clouds
464,Naters,CH,46.3254,7.9891,58.5,81,69,1.68,broken clouds
465,Amarante Do Maranhao,BR,-5.5667,-46.7422,76.3,64,21,1.59,few clouds
466,Birao,CF,10.2849,22.7882,86.67,27,54,5.17,broken clouds
467,Sakakah,SA,29.9697,40.2064,83.77,18,18,3.18,few clouds
468,Babstovo,RU,48.1167,132.4833,57.87,68,100,7.92,overcast clouds
469,Bathurst,AU,-33.4166,149.5806,48.85,72,0,2.19,clear sky
470,Syzran,RU,53.1585,48.4681,58.71,94,100,2.33,light rain
471,Miles City,US,46.4083,-105.8406,73.51,23,40,12.66,scattered clouds
472,Kaitangata,NZ,-46.2817,169.8464,49.78,95,100,10.67,light rain
473,Ouahigouya,BF,13.5828,-2.4216,98.47,20,75,4.7,broken clouds
474,Henties Bay,NA,-22.116,14.2845,56.86,85,43,6.15,scattered clouds
475,Malinovka,BY,53.8579,27.4374,51.3,89,99,8.1,moderate rain
476,Fort Nelson,CA,58.8053,-122.7002,67.59,24,75,6.91,broken clouds
477,Neuquen,AR,-38.9516,-68.0591,49.89,50,0,8.05,clear sky
478,Say,NE,13.1007,2.3689,95.56,11,10,6.82,clear sky
479,Polson,US,47.6936,-114.1632,69.28,43,19,0.96,few clouds
480,Prudentopolis,BR,-25.2131,-50.9778,61.99,90,56,1.39,broken clouds
481,Laya,PH,17.4726,121.4678,81.79,78,14,2.98,few clouds
482,Kaoma,ZM,-14.7833,24.8,53.29,39,0,5.12,clear sky
483,Broome,US,42.2506,-75.833,51.37,81,90,1.99,overcast clouds
484,Caceres,ES,39.522,-6.3748,72.03,50,32,6.08,scattered clouds
485,Viedma,AR,-40.8135,-62.9967,46.2,44,12,12.41,few clouds
486,Bell Ville,AR,-32.6259,-62.6887,48.79,48,2,1.16,clear sky
487,Saint-Dizier,FR,48.4167,5.0833,53.65,85,54,8.81,broken clouds
488,Mkushi,ZM,-13.6202,29.3939,51.67,53,0,3.31,clear sky
489,Tres Lagoas,BR,-20.7511,-51.6783,78.1,40,86,4.36,overcast clouds
490,Along,IN,28.1667,94.7667,72.39,98,94,1.63,overcast clouds
491,Orgita,EE,58.9218,24.45,44.56,93,7,2.13,clear sky
492,Mountain Home,US,43.133,-115.6912,75.94,8,20,11.23,few clouds
493,Kabanjahe,ID,3.1001,98.4908,65.16,94,86,3.36,overcast clouds
494,Nome,US,64.5011,-165.4064,53.67,27,1,20.71,clear sky
495,Upernavik,GL,72.7868,-56.1549,31.42,93,100,17.52,overcast clouds
496,Pontianak,ID,-0.0333,109.3333,73.38,100,40,3.4,scattered clouds
497,Jilib,SO,0.4883,42.7854,73.24,87,17,5.99,few clouds
498,Kearney,US,40.6995,-99.0815,63.57,67,40,10.36,scattered clouds
499,Jalu,LY,29.0331,21.5482,86.9,21,6,7.9,clear sky
500,Grand-Santi,GF,4.25,-54.3833,73.92,99,96,2.1,light rain
501,Ketchikan,US,55.3422,-131.6461,55.38,60,100,7.05,overcast clouds
502,Tuscaloosa,US,33.2098,-87.5692,70.9,67,75,8.05,broken clouds
503,College,US,64.8569,-147.8028,53.55,41,75,1.01,broken clouds
504,Ubon Ratchathani,TH,15.1667,105.1667,80.49,85,64,5.66,broken clouds
505,Fereydunshahr,IR,32.941,50.121,55.62,26,0,1.66,clear sky
506,Diffa,NE,13.3154,12.6113,88.34,11,61,7.2,broken clouds
507,Camabatela,AO,-8.1881,15.375,62.44,59,43,3.02,scattered clouds
508,San Luis,AR,-33.295,-66.3356,51.51,51,85,3.24,overcast clouds
509,Umred,IN,20.85,79.3333,86.29,44,89,12.37,overcast clouds
510,Huejuquilla El Alto,MX,22.6,-103.8667,89.56,11,47,20.33,scattered clouds
511,Altayskoye,RU,51.9533,85.3325,44.91,79,1,4.36,clear sky
512,Arauca,CO,7.0847,-70.7591,84.2,74,77,4.21,broken clouds
513,Orumiyeh,IR,37.5527,45.0761,63.95,29,0,6.96,clear sky
514,Kuala Lipis,MY,4.1842,102.0468,73.24,99,90,0.2,overcast clouds
515,Franca,BR,-20.5386,-47.4008,68.86,56,98,3.67,overcast clouds
516,Smithers,CA,54.7804,-127.1743,61.12,33,75,8.05,broken clouds
517,Bogatyye Saby,RU,56.0102,50.4483,58.95,95,100,4.14,overcast clouds
518,Grootfontein,NA,-19.5667,18.1167,42.37,75,0,3.44,clear sky
519,Vikhorevka,RU,56.1201,101.1636,33.39,71,77,7.85,broken clouds
520,Kupino,RU,54.3663,77.2981,54.86,52,22,8.39,few clouds
521,Pyaozerskiy,RU,65.8333,31.1667,36.03,64,35,5.19,scattered clouds
522,Santa Adelia,BR,-21.2428,-48.8042,73.53,38,85,5.79,overcast clouds
523,Bara,NG,10.3744,10.7288,87.21,44,100,5.1,overcast clouds
524,Chicago,US,41.85,-87.65,63.79,31,20,5.99,few clouds
525,Leh,IN,34.1667,77.5833,48.36,35,71,2.86,broken clouds
526,Lengshuitan,CN,26.4111,111.5956,70.41,95,100,1.57,light rain
527,Shubarshi,KZ,48.5872,57.1869,67.98,65,28,9.42,scattered clouds
528,Suez,EG,29.9737,32.5263,69.64,69,0,7.56,clear sky
529,Kirkland Lake,CA,48.1446,-80.0377,61.63,18,1,4.05,clear sky
530,Takapau,NZ,-40.0333,176.35,55.18,75,84,1.72,broken clouds
531,Prata,BR,-19.3072,-48.9242,75.65,46,62,0.72,broken clouds
532,Nuuk,GL,64.1835,-51.7216,41.61,81,8,16.11,clear sky
533,Viet Tri,VN,21.3019,105.4308,82.35,89,100,1.45,overcast clouds
534,Sudbury,CA,46.49,-80.99,64.06,28,0,1.99,clear sky
535,Nioro,GM,13.35,-15.75,81.5,43,39,8.03,scattered clouds
